date,cum_power
26/10/2011,0.1
27/10/2011,10.2
28/10/2011,20.2
29/10/2011,29.6
30/10/2011,34.2
31/10/2011,38
1/11/2011,46.6
2/11/2011,51.6
3/11/2011,58.6
4/11/2011,60.5
5/11/2011,65.7
6/11/2011,71.8
7/11/2011,73.3
8/11/2011,73.8
9/11/2011,76.1
10/11/2011,82.5
11/11/2011,89.1
12/11/2011,95.5
13/11/2011,99.9
14/11/2011,101.4
15/11/2011,109.1
16/11/2011,116
17/11/2011,122.3
18/11/2011,124.3
19/11/2011,130.5
20/11/2011,136.5
21/11/2011,142.5
22/11/2011,145
23/11/2011,148.3
24/11/2011,149.8
25/11/2011,151.7
26/11/2011,152.4
27/11/2011,156.1
28/11/2011,157.4
29/11/2011,163.9
30/11/2011,165.3
1/12/2011,170.7
2/12/2011,172.1
3/12/2011,174.7
4/12/2011,175.3
5/12/2011,176.3
6/12/2011,178.8
7/12/2011,180.5
8/12/2011,182
9/12/2011,183.6
10/12/2011,188.4
11/12/2011,192.6
12/12/2011,195
13/12/2011,197.8
14/12/2011,199.1
15/12/2011,200.1
16/12/2011,201.6
17/12/2011,201.8
18/12/2011,205.4
19/12/2011,209.7
20/12/2011,211.6
21/12/2011,214.4
22/12/2011,215.3
23/12/2011,216.2
24/12/2011,217.4
25/12/2011,219.7
26/12/2011,220.3
27/12/2011,220.7
28/12/2011,221.2
29/12/2011,221.7
30/12/2011,222.6
31/12/2011,226.2
1/01/2012,226.7
2/01/2012,227.5
3/01/2012,230.4
4/01/2012,231.2
5/01/2012,233.9
6/01/2012,235.5
7/01/2012,236.5
8/01/2012,240.6
9/01/2012,245.8
10/01/2012,246.8
11/01/2012,248.3
12/01/2012,249.9
13/01/2012,251.3
14/01/2012,254.7
15/01/2012,258.1
16/01/2012,263.5
17/01/2012,269.4
18/01/2012,274.8
19/01/2012,276.5
20/01/2012,277.3
21/01/2012,278.1
22/01/2012,278.9
23/01/2012,282.8
24/01/2012,286.1
25/01/2012,288.2
26/01/2012,289.6
27/01/2012,290.7
28/01/2012,297
29/01/2012,300.3
30/01/2012,301.6
31/01/2012,301.8
1/02/2012,307.4
2/02/2012,315.8
3/02/2012,324.3
4/02/2012,326.6
5/02/2012,334.2
6/02/2012,339.8
7/02/2012,348.4
8/02/2012,355.7
9/02/2012,363.6
10/02/2012,367.3
11/02/2012,376.9
12/02/2012,383.3
13/02/2012,385.9
14/02/2012,388.9
15/02/2012,393.6
16/02/2012,396
17/02/2012,399.6
18/02/2012,404.8
19/02/2012,406.3
20/02/2012,413.6
21/02/2012,424.3
22/02/2012,430.7
23/02/2012,436.9
24/02/2012,439.3
25/02/2012,441.6
26/02/2012,450.7
27/02/2012,453.3
28/02/2012,457.2
29/02/2012,458.7
1/03/2012,461.2
2/03/2012,463.5
3/03/2012,465.3
4/03/2012,471.4
5/03/2012,475.5
6/03/2012,477.1
7/03/2012,483.5
8/03/2012,485.8
9/03/2012,498
10/03/2012,504.1
11/03/2012,508.2
12/03/2012,524.3
13/03/2012,538
14/03/2012,541.5
15/03/2012,554.7
16/03/2012,571.9
17/03/2012,587.6
18/03/2012,592.5
19/03/2012,601.5
20/03/2012,619.3
21/03/2012,632.5
22/03/2012,650.8
23/03/2012,668.5
24/03/2012,686.2
25/03/2012,703.3
26/03/2012,723.5
27/03/2012,742.8
28/03/2012,760.7
29/03/2012,780.1
30/03/2012,794.3
31/03/2012,796.6
1/04/2012,804.2
2/04/2012,823.3
3/04/2012,844.2
4/04/2012,860.3
5/04/2012,872.4
6/04/2012,878.2
7/04/2012,900.2
8/04/2012,910.9
9/04/2012,922.1
10/04/2012,927.9
11/04/2012,933.1
12/04/2012,940.5
13/04/2012,953.9
14/04/2012,972.9
15/04/2012,992.4
16/04/2012,1001.1
17/04/2012,1021.3
18/04/2012,1029.5
19/04/2012,1041.9
20/04/2012,1059
21/04/2012,1072.4
22/04/2012,1086.1
23/04/2012,1103.4
24/04/2012,1114.9
25/04/2012,1126.1
26/04/2012,1133.9
27/04/2012,1147.7
28/04/2012,1158.9
29/04/2012,1167
30/04/2012,1186.9
1/05/2012,1202
2/05/2012,1222.9
3/05/2012,1228
4/05/2012,1233
5/05/2012,1253.5
6/05/2012,1258.9
7/05/2012,1270.9
8/05/2012,1292.2
9/05/2012,1302.6
10/05/2012,1318.4
11/05/2012,1327.7
12/05/2012,1338.1
13/05/2012,1359
14/05/2012,1381.3
15/05/2012,1410
16/05/2012,1421.5
17/05/2012,1452
18/05/2012,1469
19/05/2012,1477
20/05/2012,1499
21/05/2012,1518
22/05/2012,1533
23/05/2012,1561.9
24/05/2012,1588.2
25/05/2012,1607.5
26/05/2012,1636.7
27/05/2012,1665
28/05/2012,1692.3
29/05/2012,1721.6
30/05/2012,1746.3
31/05/2012,1769.4
1/06/2012,1782.5
2/06/2012,1802.4
3/06/2012,1825.9
4/06/2012,1829.1
5/06/2012,1836.4
6/06/2012,1864.2
7/06/2012,1881.1
8/06/2012,1893.6
9/06/2012,1916
10/06/2012,1936.8
11/06/2012,1948.9
12/06/2012,1959.3
13/06/2012,1968.7
14/06/2012,1981.3
15/06/2012,2007.3
16/06/2012,2015.3
17/06/2012,2034.2
18/06/2012,2056.7
19/06/2012,2069.9
20/06/2012,2090.4
21/06/2012,2110.9
22/06/2012,2122.7
23/06/2012,2142.4
24/06/2012,2162.4
25/06/2012,2173.1
26/06/2012,2195.7
27/06/2012,2219.1
28/06/2012,2228.8
29/06/2012,2251.2
30/06/2012,2270.3
1/07/2012,2294.4
2/07/2012,2317.9
3/07/2012,2343.5
4/07/2012,2356
5/07/2012,2376.1
6/07/2012,2391.1
7/07/2012,2412.8
8/07/2012,2430.5
9/07/2012,2445.3
10/07/2012,2456.1
11/07/2012,2468.7
12/07/2012,2484
13/07/2012,2500
14/07/2012,2515
15/07/2012,2531.4
16/07/2012,2545.5
17/07/2012,2552.8
18/07/2012,2563.4
19/07/2012,2582.8
20/07/2012,2595.9
21/07/2012,2605
22/07/2012,2627.4
23/07/2012,2653.4
24/07/2012,2680.6
25/07/2012,2707.3
26/07/2012,2733
27/07/2012,2756
28/07/2012,2771.2
29/07/2012,2783.7
30/07/2012,2801.7
31/07/2012,2817.4
1/08/2012,2825.8
2/08/2012,2840.6
3/08/2012,2858.7
4/08/2012,2873.3
5/08/2012,2888.9
6/08/2012,2904.7
7/08/2012,2918.8
8/08/2012,2932.3
9/08/2012,2943.8
10/08/2012,2964.1
11/08/2012,2990.1
12/08/2012,3014.5
13/08/2012,3040.6
14/08/2012,3059.6
15/08/2012,3072.4
16/08/2012,3086.3
17/08/2012,3100.6
18/08/2012,3125
19/08/2012,3147.2
20/08/2012,3164.3
21/08/2012,3174.7
22/08/2012,3190.5
23/08/2012,3207.2
24/08/2012,3229.2
25/08/2012,3245
26/08/2012,3256.5
27/08/2012,3270.1
28/08/2012,3286.8
29/08/2012,3306.3
30/08/2012,3325.5
31/08/2012,3337.4
1/09/2012,3351
2/09/2012,3374
3/09/2012,3389.6
4/09/2012,3407.6
5/09/2012,3427.6
6/09/2012,3445.6
7/09/2012,3466.3
8/09/2012,3487.1
9/09/2012,3507.5
10/09/2012,3528.3
11/09/2012,3543.6
12/09/2012,3553
13/09/2012,3566.5
14/09/2012,3576.3
15/09/2012,3582.1
16/09/2012,3597.6
17/09/2012,3613.6
18/09/2012,3620.2
19/09/2012,3636.5
20/09/2012,3650.5
21/09/2012,3662.8
22/09/2012,3672
23/09/2012,3689.6
24/09/2012,3694
25/09/2012,3700.3
26/09/2012,3710.5
27/09/2012,3720.9
28/09/2012,3730.8
29/09/2012,3741
30/09/2012,3755.7
1/10/2012,3771.7
2/10/2012,3781.2
3/10/2012,3788.8
4/10/2012,3792.4
5/10/2012,3806.7
6/10/2012,3810.9
7/10/2012,3814.4
8/10/2012,3826.6
9/10/2012,3835
10/10/2012,3840.7
11/10/2012,3851.8
12/10/2012,3862
13/10/2012,3870.2
14/10/2012,3872.3
15/10/2012,3877.7
16/10/2012,3885.3
17/10/2012,3894.8
18/10/2012,3899.2
19/10/2012,3902.3
20/10/2012,3906.9
21/10/2012,3910.1
22/10/2012,3915.6
23/10/2012,3925.2
24/10/2012,3933.4
25/10/2012,3942.1
26/10/2012,3943.6
27/10/2012,3945.6
28/10/2012,3954.8
29/10/2012,3964.1
30/10/2012,3965.9
31/10/2012,3970.2
1/11/2012,3979.1
2/11/2012,3983.2
3/11/2012,3987.2
4/11/2012,3993.8
5/11/2012,3998.3
6/11/2012,4001.2
7/11/2012,4005.5
8/11/2012,4008.6
9/11/2012,4011.2
10/11/2012,4014.9
11/11/2012,4015.9
12/11/2012,4020.2
13/11/2012,4022.1
14/11/2012,4023.9
15/11/2012,4031.1
16/11/2012,4032.9
17/11/2012,4036.6
18/11/2012,4037.6
19/11/2012,4039.3
20/11/2012,4041.2
21/11/2012,4045.5
22/11/2012,4047.4
23/11/2012,4053.3
24/11/2012,4054.1
25/11/2012,4055
26/11/2012,4059
27/11/2012,4061.3
28/11/2012,4063.1
29/11/2012,4066.7
30/11/2012,4069.2
1/12/2012,4072
2/12/2012,4074.6
3/12/2012,4077.6
4/12/2012,4078
5/12/2012,4079.8
6/12/2012,4080.6
7/12/2012,4082.1
8/12/2012,4083.8
9/12/2012,4088.7
10/12/2012,4089
11/12/2012,4090.4
12/12/2012,4095.6
13/12/2012,4100.4
14/12/2012,4103.3
15/12/2012,4104.1
16/12/2012,4105.5
17/12/2012,4106.8
18/12/2012,4107.8
19/12/2012,4109.1
20/12/2012,4111.2
21/12/2012,4111.8
22/12/2012,4113.1
23/12/2012,4113.3
24/12/2012,4113.6
25/12/2012,4115.5
26/12/2012,4117.7
27/12/2012,4119.2
28/12/2012,4120.6
29/12/2012,4121.6
30/12/2012,4124.5
31/12/2012,4126.9
1/01/2013,4128
2/01/2013,4130.7
3/01/2013,4133.1
4/01/2013,4133.7
5/01/2013,4134.1
6/01/2013,4134.3
7/01/2013,4135.4
8/01/2013,4135.8
9/01/2013,4136.7
10/01/2013,4136.9
11/01/2013,4139.6
12/01/2013,4141.7
13/01/2013,4145.9
14/01/2013,4151.1
15/01/2013,4153.4
16/01/2013,4153.4
17/01/2013,4154.6
18/01/2013,4155.4
19/01/2013,4157.6
20/01/2013,4158.8
21/01/2013,4158.9
22/01/2013,4158.9
23/01/2013,4162.1
24/01/2013,4167
25/01/2013,4171.8
26/01/2013,4174.6
27/01/2013,4175.2
28/01/2013,4177.3
29/01/2013,4181.9
30/01/2013,4182.7
31/01/2013,4188
1/02/2013,4191
2/02/2013,4191.8
3/02/2013,4197.9
4/02/2013,4200.6
5/02/2013,4205.6
6/02/2013,4211.6
7/02/2013,4216.3
8/02/2013,4221.3
9/02/2013,4227
10/02/2013,4231.2
11/02/2013,4239.3
12/02/2013,4242
13/02/2013,4244.5
14/02/2013,4252.4
15/02/2013,4253.4
16/02/2013,4259.6
17/02/2013,4261.6
18/02/2013,4265
19/02/2013,4274.8
20/02/2013,4279.3
21/02/2013,4287.9
22/02/2013,4292.5
23/02/2013,4295.6
24/02/2013,4299.8
25/02/2013,4301.6
26/02/2013,4303.3
27/02/2013,4309.4
28/02/2013,4310.5
1/03/2013,4313.2
2/03/2013,4315.8
3/03/2013,4321.4
4/03/2013,4327.5
5/03/2013,4341.7
6/03/2013,4352.3
7/03/2013,4364.8
8/03/2013,4370.8
9/03/2013,4377.2
10/03/2013,4378.5
11/03/2013,4380.2
12/03/2013,4382.6
13/03/2013,4390.5
14/03/2013,4401.1
15/03/2013,4412.3
16/03/2013,4419
17/03/2013,4426.8
18/03/2013,4433.2
19/03/2013,4444
20/03/2013,4452.5
21/03/2013,4455.3
22/03/2013,4465.4
23/03/2013,4476.6
24/03/2013,4479.4
25/03/2013,4479.6
26/03/2013,4490.9
27/03/2013,4511.7
28/03/2013,4531.9
29/03/2013,4542.3
30/03/2013,4549.6
31/03/2013,4556.7
1/04/2013,4564.5
2/04/2013,4587.6
3/04/2013,4611
4/04/2013,4621.5
5/04/2013,4639.6
6/04/2013,4644
7/04/2013,4654.7
8/04/2013,4676.7
9/04/2013,4687.5
10/04/2013,4697
11/04/2013,4706.7
12/04/2013,4712.9
13/04/2013,4725.1
14/04/2013,4739.7
15/04/2013,4763.6
16/04/2013,4776.9
17/04/2013,4787.2
18/04/2013,4803.7
19/04/2013,4829.1
20/04/2013,4843.6
21/04/2013,4871
22/04/2013,4893.8
23/04/2013,4917.4
24/04/2013,4932.1
25/04/2013,4956.2
26/04/2013,4979.7
27/04/2013,4981.3
28/04/2013,4996.4
29/04/2013,5025.3
30/04/2013,5042.7
1/05/2013,5066.4
2/05/2013,5087.7
3/05/2013,5111.7
4/05/2013,5132.2
5/05/2013,5149.7
6/05/2013,5174
7/05/2013,5194.6
8/05/2013,5207.8
9/05/2013,5217.9
10/05/2013,5239.5
11/05/2013,5250.9
12/05/2013,5262.8
13/05/2013,5271.1
14/05/2013,5282.8
15/05/2013,5296.1
16/05/2013,5323
17/05/2013,5326.7
18/05/2013,5329.7
19/05/2013,5341.5
20/05/2013,5365.8
21/05/2013,5370
22/05/2013,5372.4
23/05/2013,5384
24/05/2013,5403.9
25/05/2013,5423
26/05/2013,5441.7
27/05/2013,5458.7
28/05/2013,5487.9
29/05/2013,5502.4
30/05/2013,5507.2
31/05/2013,5516.6
1/06/2013,5543
2/06/2013,5559.5
3/06/2013,5588.7
4/06/2013,5613.6
5/06/2013,5640.5
6/06/2013,5665.2
7/06/2013,5689.7
8/06/2013,5718
9/06/2013,5747.3
10/06/2013,5777.1
11/06/2013,5802.2
12/06/2013,5815.7
13/06/2013,5828.5
14/06/2013,5836.8
15/06/2013,5861.2
16/06/2013,5886.9
17/06/2013,5902
18/06/2013,5920.3
19/06/2013,5938
20/06/2013,5950.4
21/06/2013,5968.9
22/06/2013,5978
23/06/2013,5987.8
24/06/2013,6005.9
25/06/2013,6013.4
26/06/2013,6035.4
27/06/2013,6055.1
28/06/2013,6072
29/06/2013,6079
30/06/2013,6099.2
1/07/2013,6122
2/07/2013,6140
3/07/2013,6156.2
4/07/2013,6163.8
5/07/2013,6174.8
6/07/2013,6188
7/07/2013,6211.9
8/07/2013,6240.1
9/07/2013,6266.9
10/07/2013,6295.1
11/07/2013,6314.7
12/07/2013,6341.7
13/07/2013,6354.3
14/07/2013,6381.3
15/07/2013,6401.4
16/07/2013,6430.3
17/07/2013,6454
18/07/2013,6477
19/07/2013,6503.5
20/07/2013,6527.8
21/07/2013,6545.6
22/07/2013,6571
23/07/2013,6594.2
24/07/2013,6614.9
25/07/2013,6641
26/07/2013,6661
27/07/2013,6678.4
28/07/2013,6694.3
29/07/2013,6717.8
30/07/2013,6741.1
31/07/2013,6749
1/08/2013,6766.7
2/08/2013,6792.8
3/08/2013,6814
4/08/2013,6835.1
5/08/2013,6859.8
6/08/2013,6876.3
7/08/2013,6888.9
8/08/2013,6891.6
9/08/2013,6910.6
10/08/2013,6929.7
11/08/2013,6944
12/08/2013,6957
13/08/2013,6970.7
14/08/2013,6995
15/08/2013,7007
16/08/2013,7021
17/08/2013,7035.7
18/08/2013,7053.9
19/08/2013,7070
20/08/2013,7094
21/08/2013,7110
22/08/2013,7132
23/08/2013,7140
24/08/2013,7162
25/08/2013,7167
26/08/2013,7178
27/08/2013,7193
28/08/2013,7214
29/08/2013,7230
30/08/2013,7252
31/08/2013,7266
1/09/2013,7286
2/09/2013,7299
3/09/2013,7320
4/09/2013,7332
5/09/2013,7352
6/09/2013,7372
7/09/2013,7383
8/09/2013,7399
9/09/2013,7414
10/09/2013,7420
11/09/2013,7430
12/09/2013,7437
13/09/2013,7447
14/09/2013,7452
15/09/2013,7458
16/09/2013,7468
17/09/2013,7485
18/09/2013,7492
19/09/2013,7497
20/09/2013,7504
21/09/2013,7514
22/09/2013,7527
23/09/2013,7533
24/09/2013,7543
25/09/2013,7559
26/09/2013,7571
27/09/2013,7584
28/09/2013,7598
29/09/2013,7610
30/09/2013,7625
1/10/2013,7640
2/10/2013,7654
3/10/2013,7670
4/10/2013,7680
5/10/2013,7688
6/10/2013,7692
7/10/2013,7701
8/10/2013,7711
9/10/2013,7719
10/10/2013,7725
11/10/2013,7732
12/10/2013,7735
13/10/2013,7746
14/10/2013,7747
15/10/2013,7749
16/10/2013,7752
17/10/2013,7756
18/10/2013,7767
19/10/2013,7776
20/10/2013,7778
21/10/2013,7783
22/10/2013,7788
23/10/2013,7795
24/10/2013,7800
25/10/2013,7809
26/10/2013,7813
27/10/2013,7819
28/10/2013,7822
29/10/2013,7826
30/10/2013,7833
31/10/2013,7838
1/11/2013,7844
2/11/2013,7849
3/11/2013,7850
4/11/2013,7856
5/11/2013,7858
6/11/2013,7860
7/11/2013,7861
8/11/2013,7863
9/11/2013,7866
10/11/2013,7869
11/11/2013,7874
12/11/2013,7878
13/11/2013,7880
14/11/2013,7884
15/11/2013,7886
16/11/2013,7891
17/11/2013,7893
18/11/2013,7894
19/11/2013,7896
20/11/2013,7897
21/11/2013,7899
22/11/2013,7903
23/11/2013,7904
24/11/2013,7906
25/11/2013,7908
26/11/2013,7912
27/11/2013,7914
28/11/2013,7918
29/11/2013,7919
30/11/2013,7920
1/12/2013,7922
2/12/2013,7927
3/12/2013,7931
4/12/2013,7936
5/12/2013,7937
6/12/2013,7938
7/12/2013,7943
8/12/2013,7945
9/12/2013,7947
10/12/2013,7952
11/12/2013,7957
12/12/2013,7962
13/12/2013,7965
14/12/2013,7970
15/12/2013,7975
16/12/2013,7977
17/12/2013,7981
18/12/2013,7982
19/12/2013,7986
20/12/2013,7990
21/12/2013,7995
22/12/2013,7997
23/12/2013,7998
24/12/2013,7999.8
25/12/2013,8000
26/12/2013,8002
27/12/2013,8006
28/12/2013,8007
29/12/2013,8010
30/12/2013,8014
31/12/2013,8016
1/01/2014,8018
2/01/2014,8021
3/01/2014,8023
4/01/2014,8026
5/01/2014,8027
6/01/2014,8029
7/01/2014,8031
8/01/2014,8034
9/01/2014,8037
10/01/2014,8038
11/01/2014,8041
12/01/2014,8046
13/01/2014,8052
14/01/2014,8057
15/01/2014,8058
16/01/2014,8059
17/01/2014,8060
18/01/2014,8062
19/01/2014,8064
20/01/2014,8067
21/01/2014,8068
22/01/2014,8070
23/01/2014,8075
24/01/2014,8076
25/01/2014,8082
26/01/2014,8084
27/01/2014,8087
28/01/2014,8088
29/01/2014,8090
30/01/2014,8094
31/01/2014,8097
1/02/2014,8101
2/02/2014,8104
3/02/2014,8109
4/02/2014,8117
5/02/2014,8122
6/02/2014,8126
7/02/2014,8129
8/02/2014,8130
9/02/2014,8132
10/02/2014,8135
11/02/2014,8137
12/02/2014,8141
13/02/2014,8147
14/02/2014,8149
15/02/2014,8151
16/02/2014,8157
17/02/2014,8167
18/02/2014,8175
19/02/2014,8177
20/02/2014,8182
21/02/2014,8183
22/02/2014,8193
23/02/2014,8200
24/02/2014,8211
25/02/2014,8220
26/02/2014,8226
27/02/2014,8236
28/02/2014,8238
1/03/2014,8242
2/03/2014,8245
3/03/2014,8254
4/03/2014,8261
5/03/2014,8267
6/03/2014,8280
7/03/2014,8295
8/03/2014,8302
9/03/2014,8316
10/03/2014,8331
11/03/2014,8344
12/03/2014,8359
13/03/2014,8378
14/03/2014,8386
15/03/2014,8402
16/03/2014,8406
17/03/2014,8423
18/03/2014,8430
19/03/2014,8434
20/03/2014,8449
21/03/2014,8467
22/03/2014,8479
23/03/2014,8492
24/03/2014,8505
25/03/2014,8516
26/03/2014,8531
27/03/2014,8544
28/03/2014,8554
29/03/2014,8572
30/03/2014,8588
31/03/2014,8599
1/04/2014,8612
2/04/2014,8631
3/04/2014,8648
4/04/2014,8658
5/04/2014,8663
6/04/2014,8685
7/04/2014,8694
8/04/2014,8708
9/04/2014,8723
10/04/2014,8743
11/04/2014,8763
12/04/2014,8775
13/04/2014,8787
14/04/2014,8808
15/04/2014,8828
16/04/2014,8848
17/04/2014,8874
18/04/2014,8891
19/04/2014,8909
20/04/2014,8936
21/04/2014,8947
22/04/2014,8959
23/04/2014,8976
24/04/2014,9000
25/04/2014,9013
26/04/2014,9035
27/04/2014,9050
28/04/2014,9065
29/04/2014,9074
30/04/2014,9080
1/05/2014,9107
2/05/2014,9125
3/05/2014,9132
4/05/2014,9152
5/05/2014,9173
6/05/2014,9196
7/05/2014,9210
8/05/2014,9226
9/05/2014,9232
10/05/2014,9250
11/05/2014,9258
12/05/2014,9266
13/05/2014,9283
14/05/2014,9306
15/05/2014,9329
16/05/2014,9356
17/05/2014,9387
18/05/2014,9415
19/05/2014,9435
20/05/2014,9455
21/05/2014,9475
22/05/2014,9495
23/05/2014,9516
24/05/2014,9538
25/05/2014,9559
26/05/2014,9580
27/05/2014,9590
28/05/2014,9595
29/05/2014,9601
30/05/2014,9615
31/05/2014,9637
1/06/2014,9654
2/06/2014,9675
3/06/2014,9703
4/06/2014,9720
5/06/2014,9732
6/06/2014,9757
7/06/2014,9788
8/06/2014,9809
9/06/2014,9836
10/06/2014,9850
11/06/2014,9862
12/06/2014,9894
13/06/2014,9918
14/06/2014,9945
15/06/2014,9966
16/06/2014,9986
17/06/2014,9996
18/06/2014,10012
19/06/2014,10028
20/06/2014,10042
21/06/2014,10056
22/06/2014,10075
23/06/2014,10102
24/06/2014,10130
25/06/2014,10157
26/06/2014,10175
27/06/2014,10198
28/06/2014,10210
29/06/2014,10225
30/06/2014,10248
1/07/2014,10274
2/07/2014,10302
3/07/2014,10328
4/07/2014,10359
5/07/2014,10374
6/07/2014,10385
7/07/2014,10395
8/07/2014,10412
9/07/2014,10417
10/07/2014,10419
11/07/2014,10427
12/07/2014,10432
13/07/2014,10436
14/07/2014,10449
15/07/2014,10473
16/07/2014,10487
17/07/2014,10516
18/07/2014,10541
19/07/2014,10569
20/07/2014,10583
21/07/2014,10591
22/07/2014,10603
23/07/2014,10630
24/07/2014,10658
25/07/2014,10680
26/07/2014,10691
27/07/2014,10707
28/07/2014,10723
29/07/2014,10730
30/07/2014,10752
31/07/2014,10774
1/08/2014,10800
2/08/2014,10819
3/08/2014,10841
4/08/2014,10856
5/08/2014,10876
6/08/2014,10900
7/08/2014,10906
8/08/2014,10922
9/08/2014,10929
10/08/2014,10946
11/08/2014,10958
12/08/2014,10980
13/08/2014,11002
14/08/2014,11022
15/08/2014,11032
16/08/2014,11050
17/08/2014,11071
18/08/2014,11079
19/08/2014,11090
20/08/2014,11112
21/08/2014,11125
22/08/2014,11137
23/08/2014,11148
24/08/2014,11170
25/08/2014,11184
26/08/2014,11190
27/08/2014,11192
28/08/2014,11210
29/08/2014,11218
30/08/2014,11232
31/08/2014,11239
1/09/2014,11253
2/09/2014,11268
3/09/2014,11284
4/09/2014,11306
5/09/2014,11316
6/09/2014,11329
7/09/2014,11333
8/09/2014,11349
9/09/2014,11370
10/09/2014,11384
11/09/2014,11397
12/09/2014,11412
13/09/2014,11430
14/09/2014,11447
15/09/2014,11460
16/09/2014,11472
17/09/2014,11489
18/09/2014,11506
19/09/2014,11519
20/09/2014,11532
21/09/2014,11543
22/09/2014,11556
23/09/2014,11566
24/09/2014,11576
25/09/2014,11583
26/09/2014,11597
27/09/2014,11601
28/09/2014,11616
29/09/2014,11629
30/09/2014,11633
1/10/2014,11644
2/10/2014,11655
3/10/2014,11659
4/10/2014,11670
5/10/2014,11677
6/10/2014,11680
7/10/2014,11684
8/10/2014,11692
9/10/2014,11697
10/10/2014,11708
11/10/2014,11716
12/10/2014,11721
13/10/2014,11729
14/10/2014,11733
15/10/2014,11737
16/10/2014,11744
17/10/2014,11751
18/10/2014,11759
19/10/2014,11770
20/10/2014,11775
21/10/2014,11785
22/10/2014,11787
23/10/2014,11790
24/10/2014,11795
25/10/2014,11797
26/10/2014,11803
27/10/2014,11807
28/10/2014,11815
29/10/2014,11823
30/10/2014,11824
31/10/2014,11829
1/11/2014,11838
2/11/2014,11845
3/11/2014,11850
4/11/2014,11853
5/11/2014,11856
6/11/2014,11859
7/11/2014,11861
8/11/2014,11865
9/11/2014,11871
10/11/2014,11875
11/11/2014,11880
12/11/2014,11887
13/11/2014,11891
14/11/2014,11896
15/11/2014,11897
16/11/2014,11899
17/11/2014,11900
18/11/2014,11903
19/11/2014,11905
20/11/2014,11905
21/11/2014,11910
22/11/2014,11915
23/11/2014,11920
24/11/2014,11923
25/11/2014,11927
26/11/2014,11930
27/11/2014,11931
28/11/2014,11933
29/11/2014,11935
30/11/2014,11939
1/12/2014,11939
2/12/2014,11939
3/12/2014,11940
4/12/2014,11940
5/12/2014,11941
6/12/2014,11942
7/12/2014,11946
8/12/2014,11947
9/12/2014,11948
10/12/2014,11951
11/12/2014,11956
12/12/2014,11957
13/12/2014,11957
14/12/2014,11959
15/12/2014,11963
16/12/2014,11965
17/12/2014,11966
18/12/2014,11967
19/12/2014,11967
20/12/2014,11967
21/12/2014,11970
22/12/2014,11971
23/12/2014,11971
24/12/2014,11972
25/12/2014,11973
26/12/2014,11974
27/12/2014,11977
28/12/2014,11977
29/12/2014,11977
30/12/2014,11979
31/12/2014,11981
1/01/2015,11984
2/01/2015,11987
3/01/2015,11993
4/01/2015,11998
5/01/2015,11998
6/01/2015,12001
7/01/2015,12003
8/01/2015,12006
9/01/2015,12006
10/01/2015,12007
11/01/2015,12008
12/01/2015,12011
13/01/2015,12011
14/01/2015,12012
15/01/2015,12015
16/01/2015,12016
17/01/2015,12021
18/01/2015,12026
19/01/2015,12028
20/01/2015,12029
21/01/2015,12031
22/01/2015,12034
23/01/2015,12035
24/01/2015,12037
25/01/2015,12041
26/01/2015,12043
27/01/2015,12044
28/01/2015,12049
29/01/2015,12050
30/01/2015,12053
31/01/2015,12056
1/02/2015,12060
2/02/2015,12062
3/02/2015,12065
4/02/2015,12070
5/02/2015,12077
6/02/2015,12081
7/02/2015,12090
8/02/2015,12094
9/02/2015,12099
10/02/2015,12101
11/02/2015,12102
12/02/2015,12105
13/02/2015,12113
14/02/2015,12122
15/02/2015,12126
16/02/2015,12136
17/02/2015,12142
18/02/2015,12148
19/02/2015,12155
20/02/2015,12159
21/02/2015,12160
22/02/2015,12165
23/02/2015,12173
24/02/2015,12180
25/02/2015,12186
26/02/2015,12189
27/02/2015,12193
28/02/2015,12205
1/03/2015,12216
2/03/2015,12225
3/03/2015,12232
4/03/2015,12236
5/03/2015,12243
6/03/2015,12254
7/03/2015,12260
8/03/2015,12273
9/03/2015,12288
10/03/2015,12296
11/03/2015,12311
12/03/2015,12328
13/03/2015,12344
14/03/2015,12360
15/03/2015,12366
16/03/2015,12369
17/03/2015,12383
18/03/2015,12399
19/03/2015,12407
20/03/2015,12410
21/03/2015,12413
22/03/2015,12422
23/03/2015,12436
24/03/2015,12450
25/03/2015,12459
26/03/2015,12461
27/03/2015,12466
28/03/2015,12483
29/03/2015,12486
30/03/2015,12488
31/03/2015,12505
1/04/2015,12521
2/04/2015,12536
3/04/2015,12550
4/04/2015,12551
5/04/2015,12567
6/04/2015,12587
7/04/2015,12595
8/04/2015,12615
9/04/2015,12632
10/04/2015,12654
11/04/2015,12675
12/04/2015,12685
13/04/2015,12709
14/04/2015,12729
15/04/2015,12754
16/04/2015,12777
17/04/2015,12793
18/04/2015,12812
19/04/2015,12838
20/04/2015,12863
21/04/2015,12889
22/04/2015,12916
23/04/2015,12939
24/04/2015,12964
25/04/2015,12982
26/04/2015,12996
27/04/2015,13005
28/04/2015,13022
29/04/2015,13049
30/04/2015,13061
1/05/2015,13083
2/05/2015,13107
3/05/2015,13121
4/05/2015,13128
5/05/2015,13147
6/05/2015,13172
7/05/2015,13195
8/05/2015,13214
9/05/2015,13233
10/05/2015,13249
11/05/2015,13275
12/05/2015,13298
13/05/2015,13324
14/05/2015,13353
15/05/2015,13365
16/05/2015,13396
17/05/2015,13406
18/05/2015,13429
19/05/2015,13439
20/05/2015,13456
21/05/2015,13483
22/05/2015,13510
23/05/2015,13534
24/05/2015,13548
25/05/2015,13576
26/05/2015,13600
27/05/2015,13631
28/05/2015,13655
29/05/2015,13671
30/05/2015,13682
31/05/2015,13697
1/06/2015,13703
2/06/2015,13725
3/06/2015,13732
4/06/2015,13749
5/06/2015,13780
6/06/2015,13797
7/06/2015,13830
8/06/2015,13861
9/06/2015,13885
10/06/2015,13911
11/06/2015,13941
12/06/2015,13971
13/06/2015,13991
14/06/2015,14025
15/06/2015,14048
16/06/2015,14072
17/06/2015,14094
18/06/2015,14114
19/06/2015,14137
20/06/2015,14147
21/06/2015,14162
22/06/2015,14181
23/06/2015,14191
24/06/2015,14202
25/06/2015,14227
26/06/2015,14253
27/06/2015,14280
28/06/2015,14302
29/06/2015,14321
30/06/2015,14348
1/07/2015,14377
2/07/2015,14405
3/07/2015,14428
4/07/2015,14450
5/07/2015,14473
6/07/2015,14489
7/07/2015,14515
8/07/2015,14527
9/07/2015,14540
10/07/2015,14572
11/07/2015,14600
12/07/2015,14627
13/07/2015,14637
14/07/2015,14642
15/07/2015,14649
16/07/2015,14660
17/07/2015,14680
18/07/2015,14707
19/07/2015,14733
20/07/2015,14752
21/07/2015,14763
22/07/2015,14785
23/07/2015,14800
24/07/2015,14814
25/07/2015,14828
26/07/2015,14839
27/07/2015,14847
28/07/2015,14855
29/07/2015,14876
30/07/2015,14899
31/07/2015,14910
1/08/2015,14933
2/08/2015,14958
3/08/2015,14983
4/08/2015,14999
5/08/2015,15021
6/08/2015,15042
7/08/2015,15069
8/08/2015,15087
9/08/2015,15100
10/08/2015,15124
11/08/2015,15134
12/08/2015,15150
13/08/2015,15170
14/08/2015,15190
15/08/2015,15200
16/08/2015,15211
17/08/2015,15220
18/08/2015,15234
19/08/2015,15243
20/08/2015,15258
21/08/2015,15272
22/08/2015,15294
23/08/2015,15317
24/08/2015,15325
25/08/2015,15337
26/08/2015,15348
27/08/2015,15362
28/08/2015,15366
29/08/2015,15386
30/08/2015,15402
31/08/2015,15421
1/09/2015,15429
2/09/2015,15445
3/09/2015,15454
4/09/2015,15464
5/09/2015,15473
6/09/2015,15480
7/09/2015,15495
8/09/2015,15504
9/09/2015,15513
10/09/2015,15531
11/09/2015,15552
12/09/2015,15572
13/09/2015,15577
14/09/2015,15585
15/09/2015,15598
16/09/2015,15606
17/09/2015,15611
18/09/2015,15617
19/09/2015,15628
20/09/2015,15640
21/09/2015,15656
22/09/2015,15666
23/09/2015,15670
24/09/2015,15677
25/09/2015,15687
26/09/2015,15693
27/09/2015,15707
28/09/2015,15723
29/09/2015,15736
30/09/2015,15751
1/10/2015,15768
2/10/2015,15783
3/10/2015,15798
4/10/2015,15809
5/10/2015,15823
6/10/2015,15827
7/10/2015,15832
8/10/2015,15836
9/10/2015,15842
10/10/2015,15855
11/10/2015,15858
12/10/2015,15870
13/10/2015,15883
14/10/2015,15887
15/10/2015,15889
16/10/2015,15893
17/10/2015,15895
18/10/2015,15901
19/10/2015,15904
20/10/2015,15906
21/10/2015,15909
22/10/2015,15911
23/10/2015,15915
24/10/2015,15925
25/10/2015,15934
26/10/2015,15936
27/10/2015,15938
28/10/2015,15939
29/10/2015,15940
30/10/2015,15947
31/10/2015,15954
1/11/2015,15962
2/11/2015,15970
3/11/2015,15979
4/11/2015,15985
5/11/2015,15988
6/11/2015,15992
7/11/2015,15995
8/11/2015,15998
9/11/2015,16003
10/11/2015,16007
11/11/2015,16010
12/11/2015,16012
13/11/2015,16016
14/11/2015,16020
15/11/2015,16023
16/11/2015,16025
17/11/2015,16026
18/11/2015,16028
19/11/2015,16032
20/11/2015,16032
21/11/2015,16033
22/11/2015,16036
23/11/2015,16039
24/11/2015,16043
25/11/2015,16044
26/11/2015,16046
27/11/2015,16051
28/11/2015,16052
29/11/2015,16056
30/11/2015,16057
1/12/2015,16058
2/12/2015,16058
3/12/2015,16062
4/12/2015,16065
5/12/2015,16070
6/12/2015,16072
7/12/2015,16074
8/12/2015,16077
9/12/2015,16079
10/12/2015,16083
11/12/2015,16085
12/12/2015,16087
13/12/2015,16089
14/12/2015,16090
15/12/2015,16090
16/12/2015,16091
17/12/2015,16094
18/12/2015,16096
19/12/2015,16097
20/12/2015,16099
21/12/2015,16101
22/12/2015,16103
23/12/2015,16104
24/12/2015,16107
25/12/2015,16109
26/12/2015,16110
27/12/2015,16113
28/12/2015,16117
29/12/2015,16120
30/12/2015,16122
31/12/2015,16125
1/01/2016,16129
2/01/2016,16131
3/01/2016,16133
4/01/2016,16135
5/01/2016,16136
6/01/2016,16137
7/01/2016,16139
8/01/2016,16144
9/01/2016,16146
10/01/2016,16148
11/01/2016,16149
12/01/2016,16152
13/01/2016,16154
14/01/2016,16156
15/01/2016,16157
16/01/2016,16158
17/01/2016,16162
18/01/2016,16167
19/01/2016,16171
20/01/2016,16176
21/01/2016,16179
22/01/2016,16183
23/01/2016,16186
24/01/2016,16188
25/01/2016,16189
26/01/2016,16194
27/01/2016,16198
28/01/2016,16199
29/01/2016,16206
30/01/2016,16208
31/01/2016,16208
1/02/2016,16210
2/02/2016,16211
3/02/2016,16213
4/02/2016,16216
5/02/2016,16218
6/02/2016,16219
7/02/2016,16222
8/02/2016,16228
9/02/2016,16230
10/02/2016,16233
11/02/2016,16237
12/02/2016,16243
13/02/2016,16253
14/02/2016,16256
15/02/2016,16260
16/02/2016,16264
17/02/2016,16274
18/02/2016,16284
19/02/2016,16293
20/02/2016,16298
21/02/2016,16300
22/02/2016,16302
23/02/2016,16303
24/02/2016,16310
25/02/2016,16318
26/02/2016,16323
27/02/2016,16329
28/02/2016,16340
29/02/2016,16355
1/03/2016,16367
2/03/2016,16370
3/03/2016,16377
4/03/2016,16388
5/03/2016,16393
6/03/2016,16400
7/03/2016,16408
8/03/2016,16415
9/03/2016,16423
10/03/2016,16430
11/03/2016,16444
12/03/2016,16454
13/03/2016,16469
14/03/2016,16486
15/03/2016,16504
16/03/2016,16514
17/03/2016,16526
18/03/2016,16542
19/03/2016,16545
20/03/2016,16550
21/03/2016,16557
22/03/2016,16563
23/03/2016,16577
24/03/2016,16587
25/03/2016,16597
26/03/2016,16607
27/03/2016,16617
28/03/2016,16631
29/03/2016,16648
30/03/2016,16667
31/03/2016,16679
1/04/2016,16685
2/04/2016,16697
3/04/2016,16706
4/04/2016,16723
5/04/2016,16734
6/04/2016,16742
7/04/2016,16750
8/04/2016,16758
9/04/2016,16773
10/04/2016,16789
11/04/2016,16809
12/04/2016,16822
13/04/2016,16834
14/04/2016,16847
15/04/2016,16864
16/04/2016,16881
17/04/2016,16891
18/04/2016,16915
19/04/2016,16923
20/04/2016,16946
21/04/2016,16969
22/04/2016,16992
23/04/2016,17010
24/04/2016,17025
25/04/2016,17047
26/04/2016,17054
27/04/2016,17069
28/04/2016,17082
29/04/2016,17098
30/04/2016,17110
1/05/2016,17123
2/05/2016,17150
3/05/2016,17170
4/05/2016,17199
5/05/2016,17222
6/05/2016,17250
7/05/2016,17275
8/05/2016,17294
9/05/2016,17321
10/05/2016,17340
11/05/2016,17351
12/05/2016,17371
13/05/2016,17392
14/05/2016,17417
15/05/2016,17438
16/05/2016,17452
17/05/2016,17468
18/05/2016,17481
19/05/2016,17495
20/05/2016,17517
21/05/2016,17533
22/05/2016,17553
23/05/2016,17559
24/05/2016,17568
25/05/2016,17583
26/05/2016,17603
27/05/2016,17626
28/05/2016,17648
29/05/2016,17667
30/05/2016,17676
31/05/2016,17678
1/06/2016,17685
2/06/2016,17690
3/06/2016,17696
4/06/2016,17709
5/06/2016,17724
6/06/2016,17739
7/06/2016,17760
8/06/2016,17781
9/06/2016,17814
10/06/2016,17845
11/06/2016,17865
12/06/2016,17882
13/06/2016,17895
14/06/2016,17904
15/06/2016,17923
16/06/2016,17939
17/06/2016,17948
18/06/2016,17965
19/06/2016,17977
20/06/2016,17998
21/06/2016,18005
22/06/2016,18012
23/06/2016,18034
24/06/2016,18054
25/06/2016,18079
26/06/2016,18091
27/06/2016,18107
28/06/2016,18119
29/06/2016,18139
30/06/2016,18155
1/07/2016,18165
2/07/2016,18176
3/07/2016,18200
4/07/2016,18223
5/07/2016,18247
6/07/2016,18263
7/07/2016,18291
8/07/2016,18311
9/07/2016,18325
10/07/2016,18345
11/07/2016,18367
12/07/2016,18401
13/07/2016,18410
14/07/2016,18420
15/07/2016,18448
16/07/2016,18468
17/07/2016,18489
18/07/2016,18508
19/07/2016,18530
20/07/2016,18552
21/07/2016,18574
22/07/2016,18595
23/07/2016,18613
24/07/2016,18629
25/07/2016,18651
26/07/2016,18670
27/07/2016,18683
28/07/2016,18700
29/07/2016,18715
30/07/2016,18733
31/07/2016,18746
1/08/2016,18771
2/08/2016,18781
3/08/2016,18786
4/08/2016,18800
5/08/2016,18811
6/08/2016,18832
7/08/2016,18853
8/08/2016,18868
9/08/2016,18893
10/08/2016,18916
11/08/2016,18936
12/08/2016,18941
13/08/2016,18963
14/08/2016,18983
15/08/2016,18998
16/08/2016,19024
17/08/2016,19045
18/08/2016,19060
19/08/2016,19080
20/08/2016,19105
21/08/2016,19124
22/08/2016,19139
23/08/2016,19160
24/08/2016,19183
25/08/2016,19206
26/08/2016,19228
27/08/2016,19245
28/08/2016,19259
29/08/2016,19278
30/08/2016,19294
31/08/2016,19316
1/09/2016,19331
2/09/2016,19354
3/09/2016,19366
4/09/2016,19383
5/09/2016,19390
6/09/2016,19404
7/09/2016,19413
8/09/2016,19434
9/09/2016,19452
10/09/2016,19473
11/09/2016,19489
12/09/2016,19496
13/09/2016,19510
14/09/2016,19533
15/09/2016,19550
16/09/2016,19563
17/09/2016,19575
18/09/2016,19589
19/09/2016,19601
20/09/2016,19611
21/09/2016,19624
22/09/2016,19638
23/09/2016,19649
24/09/2016,19659
25/09/2016,19676
26/09/2016,19681
27/09/2016,19689
28/09/2016,19702
29/09/2016,19715
30/09/2016,19719
1/10/2016,19726
2/10/2016,19735
3/10/2016,19741
4/10/2016,19748
5/10/2016,19752
6/10/2016,19766
7/10/2016,19774
8/10/2016,19778
9/10/2016,19788
10/10/2016,19798
11/10/2016,19806
12/10/2016,19813
13/10/2016,19815
14/10/2016,19825
15/10/2016,19829
16/10/2016,19840
17/10/2016,19850
18/10/2016,19859
19/10/2016,19862
20/10/2016,19865
21/10/2016,19870
22/10/2016,19879
23/10/2016,19888
24/10/2016,19891
25/10/2016,19892
26/10/2016,19895
27/10/2016,19904
28/10/2016,19907
29/10/2016,19909
30/10/2016,19916
31/10/2016,19922
1/11/2016,19929
2/11/2016,19933
3/11/2016,19937
4/11/2016,19943
5/11/2016,19947
6/11/2016,19950
7/11/2016,19953
8/11/2016,19954
9/11/2016,19957
10/11/2016,19958
11/11/2016,19960
12/11/2016,19967
13/11/2016,19970
14/11/2016,19970
15/11/2016,19972
16/11/2016,19973
17/11/2016,19975
18/11/2016,19977
19/11/2016,19980
20/11/2016,19983
21/11/2016,19985
22/11/2016,19986
23/11/2016,19990
24/11/2016,19994
25/11/2016,19997
26/11/2016,20003
27/11/2016,20006
28/11/2016,20011
29/11/2016,20017
30/11/2016,20022
1/12/2016,20028
2/12/2016,20029
3/12/2016,20030
4/12/2016,20035
5/12/2016,20041
6/12/2016,20045
7/12/2016,20049
8/12/2016,20052
9/12/2016,20057
10/12/2016,20060
11/12/2016,20061
12/12/2016,20063
13/12/2016,20065
14/12/2016,20065
15/12/2016,20069
16/12/2016,20074
17/12/2016,20076
18/12/2016,20077
19/12/2016,20078
20/12/2016,20082
21/12/2016,20086
22/12/2016,20088
23/12/2016,20088
24/12/2016,20091
25/12/2016,20093
26/12/2016,20093
27/12/2016,20097
28/12/2016,20101
29/12/2016,20102
30/12/2016,20105
31/12/2016,20109
1/01/2017,20111
2/01/2017,20112
3/01/2017,20115
4/01/2017,20117
5/01/2017,20119
6/01/2017,20125
7/01/2017,20129
8/01/2017,20130
9/01/2017,20131
10/01/2017,20132
11/01/2017,20133
12/01/2017,20135
13/01/2017,20137
14/01/2017,20139
15/01/2017,20141
16/01/2017,20143
17/01/2017,20145
18/01/2017,20150
19/01/2017,20156
20/01/2017,20162
21/01/2017,20169
22/01/2017,20175
23/01/2017,20180
24/01/2017,20183
25/01/2017,20184
26/01/2017,20186
27/01/2017,20193
28/01/2017,20197
29/01/2017,20201
30/01/2017,20208
31/01/2017,20208
1/02/2017,20210
2/02/2017,20212
3/02/2017,20216
4/02/2017,20222
5/02/2017,20223
6/02/2017,20226
7/02/2017,20228
8/02/2017,20229
9/02/2017,20230
10/02/2017,20232
11/02/2017,20234
12/02/2017,20235
13/02/2017,20238
14/02/2017,20248
15/02/2017,20256
16/02/2017,20262
17/02/2017,20271
18/02/2017,20275
19/02/2017,20281
20/02/2017,20284
21/02/2017,20286
22/02/2017,20288
23/02/2017,20289
24/02/2017,20292
25/02/2017,20302
26/02/2017,20307
27/02/2017,20310
28/02/2017,20312
1/03/2017,20318
2/03/2017,20323
3/03/2017,20327
4/03/2017,20331
5/03/2017,20335
6/03/2017,20337
7/03/2017,20342
8/03/2017,20352
9/03/2017,20353
10/03/2017,20362
11/03/2017,20375
12/03/2017,20383
13/03/2017,20399
14/03/2017,20411
15/03/2017,20418
16/03/2017,20433
17/03/2017,20449
18/03/2017,20461
19/03/2017,20464
20/03/2017,20468
21/03/2017,20475
22/03/2017,20487
23/03/2017,20500
24/03/2017,20518
25/03/2017,20538
26/03/2017,20558
27/03/2017,20578
28/03/2017,20599
29/03/2017,20616
30/03/2017,20626
31/03/2017,20646
1/04/2017,20652
2/04/2017,20662
3/04/2017,20681
4/04/2017,20698
5/04/2017,20716
6/04/2017,20729
7/04/2017,20741
8/04/2017,20750
9/04/2017,20773
10/04/2017,20796
11/04/2017,20811
12/04/2017,20823
13/04/2017,20835
14/04/2017,20857
15/04/2017,20866
16/04/2017,20883
17/04/2017,20899
18/04/2017,20923
19/04/2017,20943
20/04/2017,20961
21/04/2017,20987
22/04/2017,20995
23/04/2017,21010
24/04/2017,21020
25/04/2017,21038
26/04/2017,21064
27/04/2017,21083
28/04/2017,21101
29/04/2017,21119
30/04/2017,21135
1/05/2017,21157
2/05/2017,21167
3/05/2017,21174
4/05/2017,21188
5/05/2017,21203
6/05/2017,21213
7/05/2017,21233
8/05/2017,21240
9/05/2017,21255
10/05/2017,21280
11/05/2017,21308
12/05/2017,21322
13/05/2017,21341
14/05/2017,21355
15/05/2017,21373
16/05/2017,21390
17/05/2017,21410
18/05/2017,21433
19/05/2017,21446
20/05/2017,21455
21/05/2017,21483
22/05/2017,21507
23/05/2017,21530
24/05/2017,21558
25/05/2017,21585
26/05/2017,21614
27/05/2017,21643
28/05/2017,21667
29/05/2017,21689
30/05/2017,21708
31/05/2017,21724
1/06/2017,21745
2/06/2017,21769
3/06/2017,21794
4/06/2017,21808
5/06/2017,21832
6/06/2017,21854
7/06/2017,21874
8/06/2017,21893
9/06/2017,21916
10/06/2017,21941
11/06/2017,21972
12/06/2017,21989
13/06/2017,21998
14/06/2017,22022
15/06/2017,22051
16/06/2017,22078
17/06/2017,22100
18/06/2017,22127
19/06/2017,22153
20/06/2017,22180
21/06/2017,22205
22/06/2017,22231
23/06/2017,22257
24/06/2017,22283
25/06/2017,22290
26/06/2017,22301
27/06/2017,22320
28/06/2017,22341
29/06/2017,22354
30/06/2017,22369
1/07/2017,22384
2/07/2017,22389
3/07/2017,22410
4/07/2017,22435
5/07/2017,22459
6/07/2017,22485
7/07/2017,22501
8/07/2017,22526
9/07/2017,22550
10/07/2017,22572
11/07/2017,22586
12/07/2017,22598
13/07/2017,22616
14/07/2017,22640
15/07/2017,22654
16/07/2017,22666
17/07/2017,22680
18/07/2017,22700
19/07/2017,22727
20/07/2017,22745
21/07/2017,22764
22/07/2017,22789
23/07/2017,22801
24/07/2017,22817
25/07/2017,22836
26/07/2017,22850
27/07/2017,22869
28/07/2017,22890
29/07/2017,22900
30/07/2017,22910
31/07/2017,22931
1/08/2017,22954
2/08/2017,22971
3/08/2017,22980
4/08/2017,23004
5/08/2017,23021
6/08/2017,23035
7/08/2017,23055
8/08/2017,23080
9/08/2017,23083
10/08/2017,23103
11/08/2017,23108
12/08/2017,23125
13/08/2017,23134
14/08/2017,23148
15/08/2017,23169
16/08/2017,23181
17/08/2017,23198
18/08/2017,23205
19/08/2017,23218
20/08/2017,23231
21/08/2017,23245
22/08/2017,23255
23/08/2017,23274
24/08/2017,23288
25/08/2017,23305
26/08/2017,23320
27/08/2017,23335
28/08/2017,23353
29/08/2017,23372
30/08/2017,23391
31/08/2017,23398
1/09/2017,23411
2/09/2017,23422
3/09/2017,23438
4/09/2017,23452
5/09/2017,23459
6/09/2017,23466
7/09/2017,23474
8/09/2017,23485
9/09/2017,23488
10/09/2017,23501
11/09/2017,23512
12/09/2017,23522
13/09/2017,23541
14/09/2017,23557
15/09/2017,23562
16/09/2017,23577
17/09/2017,23585
18/09/2017,23597
19/09/2017,23606
20/09/2017,23617
21/09/2017,23631
22/09/2017,23646
23/09/2017,23657
24/09/2017,23674
25/09/2017,23691
26/09/2017,23705
27/09/2017,23720
28/09/2017,23728
29/09/2017,23735
30/09/2017,23744
1/10/2017,23751
2/10/2017,23756
3/10/2017,23765
4/10/2017,23780
5/10/2017,23787
6/10/2017,23797
7/10/2017,23808
8/10/2017,23810
9/10/2017,23815
10/10/2017,23820
11/10/2017,23825
12/10/2017,23829
13/10/2017,23841
14/10/2017,23847
15/10/2017,23856
16/10/2017,23866
17/10/2017,23875
18/10/2017,23881
19/10/2017,23887
20/10/2017,23894
21/10/2017,23898
22/10/2017,23906
23/10/2017,23909
24/10/2017,23914
25/10/2017,23915
26/10/2017,23917
27/10/2017,23920
28/10/2017,23928
29/10/2017,23931
30/10/2017,23937
31/10/2017,23943
1/11/2017,23946
2/11/2017,23951
3/11/2017,23957
4/11/2017,23963
5/11/2017,23964
6/11/2017,23970
7/11/2017,23976
8/11/2017,23982
9/11/2017,23983
10/11/2017,23988
11/11/2017,23990
12/11/2017,23992
13/11/2017,23995
14/11/2017,24001
15/11/2017,24003
16/11/2017,24004
17/11/2017,24006
18/11/2017,24008
19/11/2017,24010
20/11/2017,24014
21/11/2017,24014
22/11/2017,24015
23/11/2017,24015
24/11/2017,24023
25/11/2017,24026
26/11/2017,24029
27/11/2017,24036
28/11/2017,24036
29/11/2017,24038
30/11/2017,24040
1/12/2017,24041
2/12/2017,24042
3/12/2017,24043
4/12/2017,24044
5/12/2017,24046
6/12/2017,24047
7/12/2017,24048
8/12/2017,24048
9/12/2017,24051
10/12/2017,24053
11/12/2017,24053
12/12/2017,24053
13/12/2017,24054
14/12/2017,24054
15/12/2017,24057
16/12/2017,24058
17/12/2017,24060
18/12/2017,24062
19/12/2017,24064
20/12/2017,24065
21/12/2017,24066
22/12/2017,24066
23/12/2017,24067
24/12/2017,24067
25/12/2017,24068
26/12/2017,24069
27/12/2017,24070
28/12/2017,24072
29/12/2017,24075
30/12/2017,24075
31/12/2017,24076
1/01/2018,24077
2/01/2018,24078
3/01/2018,24080
4/01/2018,24081
5/01/2018,24081
6/01/2018,24083
7/01/2018,24084
8/01/2018,24088
9/01/2018,24089
10/01/2018,24090
11/01/2018,24091
12/01/2018,24093
13/01/2018,24094
14/01/2018,24096
15/01/2018,24098
16/01/2018,24099
17/01/2018,24103
18/01/2018,24104
19/01/2018,24107
20/01/2018,24112
21/01/2018,24112
22/01/2018,24115
23/01/2018,24119
24/01/2018,24121
25/01/2018,24124
26/01/2018,24126
27/01/2018,24128
28/01/2018,24130
29/01/2018,24132
30/01/2018,24134
31/01/2018,24140
1/02/2018,24141
2/02/2018,24145
3/02/2018,24149
4/02/2018,24150
5/02/2018,24155
6/02/2018,24163
7/02/2018,24170
8/02/2018,24178
9/02/2018,24186
10/02/2018,24189
11/02/2018,24199
12/02/2018,24203
13/02/2018,24209
14/02/2018,24218
15/02/2018,24225
16/02/2018,24229
17/02/2018,24236
18/02/2018,24247
19/02/2018,24255
20/02/2018,24259
21/02/2018,24263
22/02/2018,24274
23/02/2018,24285
24/02/2018,24297
25/02/2018,24306
26/02/2018,24318
27/02/2018,24326
28/02/2018,24334
1/03/2018,24347
2/03/2018,24358
3/03/2018,24360
4/03/2018,24370
5/03/2018,24374
6/03/2018,24380
7/03/2018,24389
8/03/2018,24393
9/03/2018,24402
10/03/2018,24408
11/03/2018,24412
12/03/2018,24421
13/03/2018,24428
14/03/2018,24430
15/03/2018,24442
16/03/2018,24445
17/03/2018,24449
18/03/2018,24451
19/03/2018,24461
20/03/2018,24480
21/03/2018,24502
22/03/2018,24512
23/03/2018,24523
24/03/2018,24534
25/03/2018,24544
26/03/2018,24557
27/03/2018,24572
28/03/2018,24576
29/03/2018,24579
30/03/2018,24596
31/03/2018,24604
1/04/2018,24614
2/04/2018,24621
3/04/2018,24630
4/04/2018,24641
5/04/2018,24652
6/04/2018,24664
7/04/2018,24683
8/04/2018,24702
9/04/2018,24722
10/04/2018,24730
11/04/2018,24742
12/04/2018,24748
13/04/2018,24753
14/04/2018,24763
15/04/2018,24778
16/04/2018,24790
17/04/2018,24809
18/04/2018,24834
19/04/2018,24857
20/04/2018,24882
21/04/2018,24905
22/04/2018,24928
23/04/2018,24948
24/04/2018,24963
25/04/2018,24977
26/04/2018,24993
27/04/2018,25017
28/04/2018,25030
29/04/2018,25040
30/04/2018,25043
1/05/2018,25051
2/05/2018,25075
3/05/2018,25098
4/05/2018,25123
5/05/2018,25151
6/05/2018,25179
7/05/2018,25206
8/05/2018,25232
9/05/2018,25259
10/05/2018,25284
11/05/2018,25297
12/05/2018,25316
13/05/2018,25335
14/05/2018,25337
15/05/2018,25362
16/05/2018,25386
17/05/2018,25403
18/05/2018,25432
19/05/2018,25462
20/05/2018,25474
21/05/2018,25500
22/05/2018,25521
23/05/2018,25536
24/05/2018,25556
25/05/2018,25572
26/05/2018,25590
27/05/2018,25610
28/05/2018,25631
29/05/2018,25657
30/05/2018,25670
31/05/2018,25695
1/06/2018,25716
2/06/2018,25721
3/06/2018,25731
4/06/2018,25750
5/06/2018,25774
6/06/2018,25789
7/06/2018,25815
8/06/2018,25828
9/06/2018,25845
10/06/2018,25866
11/06/2018,25884
12/06/2018,25903
13/06/2018,25916
14/06/2018,25932
15/06/2018,25942
16/06/2018,25963
17/06/2018,25984
18/06/2018,25993
19/06/2018,26006
20/06/2018,26013
21/06/2018,26044
22/06/2018,26062
23/06/2018,26072
24/06/2018,26096
25/06/2018,26120
26/06/2018,26147
27/06/2018,26177
28/06/2018,26203
29/06/2018,26229
30/06/2018,26258
1/07/2018,26285
2/07/2018,26315
3/07/2018,26345
4/07/2018,26365
5/07/2018,26391
6/07/2018,26422
7/07/2018,26442
8/07/2018,26464
9/07/2018,26492
10/07/2018,26506
11/07/2018,26511
12/07/2018,26525
13/07/2018,26555
14/07/2018,26580
15/07/2018,26608
16/07/2018,26634
17/07/2018,26651
18/07/2018,26675
19/07/2018,26695
20/07/2018,26715
21/07/2018,26727
22/07/2018,26753
23/07/2018,26775
24/07/2018,26796
25/07/2018,26816
26/07/2018,26841
27/07/2018,26861
28/07/2018,26879
29/07/2018,26906
30/07/2018,26920
31/07/2018,26940
1/08/2018,26963
2/08/2018,26988
3/08/2018,27014
4/08/2018,27038
5/08/2018,27060
6/08/2018,27087
7/08/2018,27112
8/08/2018,27130
9/08/2018,27148
10/08/2018,27155
11/08/2018,27172
12/08/2018,27194
13/08/2018,27212
14/08/2018,27226
15/08/2018,27236
16/08/2018,27246
17/08/2018,27269
18/08/2018,27292
19/08/2018,27301
20/08/2018,27322
21/08/2018,27329
22/08/2018,27345
23/08/2018,27368
24/08/2018,27379
25/08/2018,27393
26/08/2018,27412
27/08/2018,27420
28/08/2018,27429
29/08/2018,27445
30/08/2018,27450
31/08/2018,27470
1/09/2018,27488
2/09/2018,27505
3/09/2018,27526
4/09/2018,27531
5/09/2018,27543
6/09/2018,27556
7/09/2018,27570
8/09/2018,27591
9/09/2018,27601
10/09/2018,27621
11/09/2018,27632
12/09/2018,27653
13/09/2018,27663
14/09/2018,27672
15/09/2018,27681
16/09/2018,27691
17/09/2018,27705
18/09/2018,27723
19/09/2018,27741
20/09/2018,27762
21/09/2018,27788
22/09/2018,27793
23/09/2018,27797
24/09/2018,27811
25/09/2018,27826
26/09/2018,27834
27/09/2018,27843
28/09/2018,27859
29/09/2018,27871
30/09/2018,27886
1/10/2018,27895
2/10/2018,27905
3/10/2018,27911
4/10/2018,27926
5/10/2018,27938
6/10/2018,27951
7/10/2018,27963
8/10/2018,27975
9/10/2018,27986
10/10/2018,27998
11/10/2018,28010
12/10/2018,28021
13/10/2018,28030
14/10/2018,28040
15/10/2018,28049
16/10/2018,28060
17/10/2018,28071
18/10/2018,28077
19/10/2018,28081
20/10/2018,28086
21/10/2018,28095
22/10/2018,28101
23/10/2018,28109
24/10/2018,28115
25/10/2018,28117
26/10/2018,28120
